epoch,time,train/box_loss,train/cls_loss,train/dfl_loss,metrics/precision(B),metrics/recall(B),metrics/mAP50(B),metrics/mAP50-95(B),val/box_loss,val/cls_loss,val/dfl_loss,lr/pg0,lr/pg1,lr/pg2
1,4.04865,2.02144,4.84301,0.8921,0.59062,0.44284,0.53979,0.12681,2.72292,2.78226,0.94668,0.092008,8e-06,8e-06
2,7.62731,1.63394,1.217,0.82666,0.19375,0.2379,0.10415,0.01819,3.74502,2.66107,1.23097,0.083017,1.69832e-05,1.69832e-05
3,11.1148,1.47934,0.7891,0.81954,0.22762,0.21396,0.15658,0.03296,3.44377,2.14121,1.13615,0.0740259,2.59485e-05,2.59485e-05
4,14.5283,1.29821,0.66099,0.80356,0.3982,0.34192,0.34045,0.06348,3.22388,1.99312,1.04054,0.0650349,3.48961e-05,3.48961e-05
5,17.9694,1.21675,0.59775,0.81205,0.84438,0.85499,0.86515,0.28669,2.13579,0.93669,0.87318,0.0560438,4.38258e-05,4.38258e-05
6,21.5301,1.15863,0.56761,0.80134,0.89928,0.91951,0.92507,0.38994,1.8425,0.71676,0.84858,0.0470527,5.27377e-05,5.27377e-05
7,25.1395,1.11558,0.52839,0.79911,0.94448,0.93924,0.96819,0.46252,1.63105,0.64654,0.83215,0.0380616,6.16317e-05,6.16317e-05
8,28.6802,1.1511,0.53331,0.78326,0.94857,0.94976,0.9715,0.4324,1.70153,0.64262,0.82956,0.0290705,7.0508e-05,7.0508e-05
9,32.2542,1.0723,0.51242,0.79477,0.95477,0.96704,0.98338,0.58503,1.27642,0.5288,0.80598,0.0200794,7.93664e-05,7.93664e-05
10,35.8995,1.07656,0.51969,0.79766,0.96891,0.96301,0.98626,0.59543,1.25514,0.53225,0.80968,0.0110882,8.8207e-05,8.8207e-05
11,39.4135,1.02733,0.49642,0.78595,0.96139,0.97434,0.98752,0.69861,0.99167,0.45856,0.79178,0.00209703,9.70298e-05,9.70298e-05
12,42.9988,0.98278,0.47363,0.78646,0.97218,0.97182,0.99023,0.70357,0.9865,0.47376,0.79278,9.8911e-05,9.8911e-05,9.8911e-05
13,46.5675,0.96247,0.45849,0.7884,0.97548,0.96498,0.98989,0.6686,1.03416,0.44996,0.7922,9.8812e-05,9.8812e-05,9.8812e-05
14,50.0739,0.97151,0.45773,0.78692,0.97921,0.97027,0.99152,0.6938,1.05218,0.46983,0.80168,9.8713e-05,9.8713e-05,9.8713e-05
15,53.7166,0.97351,0.46284,0.7845,0.98444,0.97737,0.99253,0.70766,0.99227,0.45962,0.79423,9.8614e-05,9.8614e-05,9.8614e-05
16,57.3459,1.01147,0.45787,0.77955,0.98336,0.9794,0.9926,0.76137,0.84729,0.40822,0.78521,9.8515e-05,9.8515e-05,9.8515e-05
17,60.8387,0.9533,0.45798,0.78761,0.97129,0.9754,0.99195,0.73909,0.88578,0.42249,0.7867,9.8416e-05,9.8416e-05,9.8416e-05
18,64.4491,0.92551,0.45024,0.77971,0.9803,0.97361,0.99199,0.76037,0.79479,0.38584,0.7806,9.8317e-05,9.8317e-05,9.8317e-05
19,68.0553,0.92307,0.43133,0.77921,0.97611,0.96763,0.99168,0.73449,0.86667,0.40169,0.78184,9.8218e-05,9.8218e-05,9.8218e-05
20,71.5804,0.95794,0.44449,0.78348,0.97726,0.97322,0.99013,0.7768,0.76876,0.39913,0.77691,9.8119e-05,9.8119e-05,9.8119e-05
21,75.1888,1.00207,0.46292,0.79179,0.98008,0.97734,0.99102,0.76373,0.79683,0.40669,0.77693,9.802e-05,9.802e-05,9.802e-05
22,78.651,0.9514,0.46253,0.78556,0.97724,0.97837,0.9921,0.75971,0.7723,0.38422,0.77411,9.7921e-05,9.7921e-05,9.7921e-05
23,82.1727,0.88468,0.43564,0.78124,0.98027,0.97228,0.99208,0.77322,0.73415,0.38071,0.77554,9.7822e-05,9.7822e-05,9.7822e-05
24,85.8279,0.91069,0.42283,0.78508,0.98375,0.97425,0.99273,0.77622,0.72894,0.37857,0.77773,9.7723e-05,9.7723e-05,9.7723e-05
25,89.3637,0.85783,0.40381,0.7769,0.98026,0.97631,0.99239,0.77933,0.73976,0.37491,0.77629,9.7624e-05,9.7624e-05,9.7624e-05
26,93.0597,0.87395,0.40933,0.77987,0.9763,0.97588,0.99221,0.79331,0.70211,0.37319,0.77555,9.7525e-05,9.7525e-05,9.7525e-05
27,96.7446,0.88235,0.40799,0.78285,0.97416,0.97837,0.99211,0.7802,0.71493,0.36807,0.7747,9.7426e-05,9.7426e-05,9.7426e-05
28,100.431,0.90298,0.4136,0.78392,0.98538,0.9721,0.99187,0.78673,0.75293,0.37535,0.77888,9.7327e-05,9.7327e-05,9.7327e-05
29,103.982,0.86779,0.40198,0.7815,0.98011,0.97837,0.99297,0.79962,0.68623,0.35021,0.77294,9.7228e-05,9.7228e-05,9.7228e-05
30,107.719,0.88498,0.41095,0.78115,0.98538,0.96807,0.99249,0.76464,0.77331,0.38959,0.77679,9.7129e-05,9.7129e-05,9.7129e-05
31,111.32,0.87162,0.40634,0.77609,0.98146,0.97837,0.99304,0.81194,0.66036,0.3389,0.77175,9.703e-05,9.703e-05,9.703e-05
32,114.951,0.86129,0.39375,0.78383,0.98951,0.97136,0.99343,0.78613,0.75831,0.37021,0.77937,9.6931e-05,9.6931e-05,9.6931e-05
33,118.614,0.86519,0.40415,0.78266,0.98994,0.97631,0.9937,0.817,0.67435,0.34458,0.77211,9.6832e-05,9.6832e-05,9.6832e-05
34,122.341,0.85067,0.38923,0.77695,0.98555,0.98314,0.99352,0.78132,0.74081,0.35093,0.77393,9.6733e-05,9.6733e-05,9.6733e-05
35,125.828,0.83636,0.38756,0.77512,0.98865,0.98661,0.99375,0.8068,0.67344,0.33566,0.77082,9.6634e-05,9.6634e-05,9.6634e-05
36,129.415,0.81581,0.38497,0.77563,0.98754,0.97973,0.99375,0.79701,0.68583,0.35158,0.77224,9.6535e-05,9.6535e-05,9.6535e-05
37,132.932,0.79363,0.37283,0.77517,0.98859,0.98131,0.99382,0.81838,0.66184,0.33737,0.77232,9.6436e-05,9.6436e-05,9.6436e-05
38,136.576,0.7803,0.37854,0.77596,0.98552,0.98149,0.9934,0.80594,0.67966,0.33562,0.77336,9.6337e-05,9.6337e-05,9.6337e-05
39,140.271,0.78796,0.3756,0.77463,0.98755,0.9806,0.99366,0.8191,0.64038,0.3389,0.77292,9.6238e-05,9.6238e-05,9.6238e-05
40,144.056,0.77232,0.37862,0.77736,0.98683,0.9794,0.99345,0.81586,0.65506,0.32569,0.77156,9.6139e-05,9.6139e-05,9.6139e-05
41,147.819,0.79678,0.37748,0.77923,0.98917,0.98249,0.99314,0.79618,0.72954,0.34057,0.7736,9.604e-05,9.604e-05,9.604e-05
42,151.666,0.8142,0.38176,0.77614,0.98943,0.98043,0.99326,0.78989,0.69753,0.34099,0.77136,9.5941e-05,9.5941e-05,9.5941e-05
43,155.455,0.81038,0.38129,0.77315,0.98657,0.98314,0.99324,0.78736,0.71129,0.34375,0.77234,9.5842e-05,9.5842e-05,9.5842e-05
44,159.114,0.77396,0.3677,0.77938,0.98791,0.98352,0.99316,0.78208,0.71581,0.34061,0.77305,9.5743e-05,9.5743e-05,9.5743e-05
45,162.78,0.7781,0.37667,0.77521,0.99202,0.97631,0.99282,0.80659,0.64507,0.32717,0.77008,9.5644e-05,9.5644e-05,9.5644e-05
46,166.46,0.74992,0.36922,0.76913,0.98551,0.9804,0.99237,0.82052,0.63528,0.32879,0.76863,9.5545e-05,9.5545e-05,9.5545e-05
47,170.465,0.78445,0.37122,0.77148,0.99166,0.97958,0.99262,0.8208,0.62687,0.32921,0.76819,9.5446e-05,9.5446e-05,9.5446e-05
48,174.341,0.74367,0.3671,0.77217,0.98798,0.98043,0.99336,0.83296,0.60232,0.31428,0.7692,9.5347e-05,9.5347e-05,9.5347e-05
49,178.197,0.74797,0.36133,0.77065,0.98454,0.98375,0.99343,0.83656,0.61226,0.31368,0.76696,9.5248e-05,9.5248e-05,9.5248e-05
50,182.261,0.74294,0.35813,0.77521,0.98896,0.98146,0.99354,0.83602,0.6032,0.30704,0.76801,9.5149e-05,9.5149e-05,9.5149e-05
51,186.118,0.75592,0.35845,0.77152,0.99058,0.97506,0.99305,0.79648,0.67735,0.33218,0.7698,9.505e-05,9.505e-05,9.505e-05
52,190.028,0.78505,0.36991,0.77151,0.99365,0.97219,0.99326,0.82082,0.64284,0.31847,0.76761,9.4951e-05,9.4951e-05,9.4951e-05
53,193.954,0.78682,0.36322,0.77576,0.99312,0.97013,0.9931,0.8114,0.65272,0.32108,0.76976,9.4852e-05,9.4852e-05,9.4852e-05
54,197.745,0.76575,0.36336,0.77268,0.99227,0.97013,0.99329,0.82481,0.62345,0.31786,0.76951,9.4753e-05,9.4753e-05,9.4753e-05
55,201.494,0.76384,0.36512,0.77339,0.99158,0.97044,0.99338,0.82258,0.65023,0.32373,0.77156,9.4654e-05,9.4654e-05,9.4654e-05
56,205.352,0.74288,0.35947,0.77038,0.98552,0.98121,0.99311,0.81723,0.65822,0.32272,0.77085,9.4555e-05,9.4555e-05,9.4555e-05
57,209.251,0.77101,0.36236,0.7786,0.98442,0.97617,0.9932,0.81953,0.63902,0.31914,0.76993,9.4456e-05,9.4456e-05,9.4456e-05
58,213.037,0.71892,0.35238,0.77243,0.98452,0.98244,0.99351,0.83228,0.64418,0.32114,0.77068,9.4357e-05,9.4357e-05,9.4357e-05
59,216.938,0.74855,0.34981,0.7734,0.98477,0.98043,0.99331,0.81332,0.69107,0.32833,0.77386,9.4258e-05,9.4258e-05,9.4258e-05
60,220.778,0.76335,0.36887,0.77367,0.98759,0.98384,0.99236,0.82258,0.62618,0.31496,0.76959,9.4159e-05,9.4159e-05,9.4159e-05
61,224.793,0.72972,0.35019,0.77634,0.98359,0.98249,0.99243,0.82074,0.6748,0.32585,0.77384,9.406e-05,9.406e-05,9.406e-05
62,228.708,0.7713,0.37276,0.77277,0.98351,0.98281,0.99269,0.83034,0.59391,0.30425,0.76666,9.3961e-05,9.3961e-05,9.3961e-05
63,232.639,0.77531,0.35768,0.7756,0.98654,0.97837,0.99249,0.79853,0.67542,0.32865,0.76972,9.3862e-05,9.3862e-05,9.3862e-05
64,236.378,0.73886,0.34903,0.76845,0.98456,0.98558,0.99255,0.83319,0.5945,0.30955,0.76825,9.3763e-05,9.3763e-05,9.3763e-05
65,240.236,0.72813,0.34327,0.77556,0.98529,0.98455,0.99242,0.82762,0.62802,0.31365,0.76878,9.3664e-05,9.3664e-05,9.3664e-05
66,244.077,0.72447,0.34003,0.76772,0.98655,0.98166,0.99243,0.81422,0.62036,0.30438,0.76614,9.3565e-05,9.3565e-05,9.3565e-05
67,247.756,0.74663,0.34419,0.77907,0.98654,0.98136,0.99288,0.82189,0.62896,0.31216,0.76865,9.3466e-05,9.3466e-05,9.3466e-05
68,251.622,0.72762,0.34496,0.77266,0.98859,0.98143,0.9931,0.83767,0.60433,0.30133,0.76841,9.3367e-05,9.3367e-05,9.3367e-05
69,255.597,0.69048,0.33996,0.77942,0.98754,0.97957,0.99326,0.81981,0.65375,0.30944,0.76883,9.3268e-05,9.3268e-05,9.3268e-05
70,259.361,0.71234,0.347,0.77895,0.98657,0.9794,0.99332,0.7998,0.70378,0.32144,0.77041,9.3169e-05,9.3169e-05,9.3169e-05
71,263.187,0.70972,0.34488,0.76847,0.98654,0.97837,0.99314,0.80241,0.68989,0.32734,0.77122,9.307e-05,9.307e-05,9.307e-05
72,267.053,0.67848,0.33099,0.77493,0.99272,0.98351,0.99231,0.84111,0.59054,0.3037,0.76869,9.2971e-05,9.2971e-05,9.2971e-05
73,270.807,0.7414,0.34495,0.7763,0.99067,0.98428,0.99297,0.81315,0.67927,0.32184,0.77288,9.2872e-05,9.2872e-05,9.2872e-05
74,274.534,0.76554,0.35887,0.77765,0.98964,0.98409,0.99372,0.82239,0.64809,0.30795,0.76956,9.2773e-05,9.2773e-05,9.2773e-05
75,278.244,0.72213,0.34668,0.77035,0.99069,0.98586,0.99418,0.84345,0.59378,0.29603,0.76636,9.2674e-05,9.2674e-05,9.2674e-05
76,282.04,0.72079,0.3481,0.76472,0.9848,0.98249,0.99372,0.81997,0.66189,0.31229,0.76924,9.2575e-05,9.2575e-05,9.2575e-05
77,285.814,0.7076,0.33708,0.77318,0.98586,0.98352,0.99388,0.83027,0.62357,0.30336,0.76769,9.2476e-05,9.2476e-05,9.2476e-05
78,289.535,0.68969,0.34218,0.76929,0.98657,0.98354,0.99365,0.84178,0.60132,0.29741,0.7692,9.2377e-05,9.2377e-05,9.2377e-05
79,293.371,0.69301,0.33509,0.76894,0.98698,0.97837,0.99318,0.83618,0.59142,0.30188,0.76788,9.2278e-05,9.2278e-05,9.2278e-05
80,297.237,0.70292,0.336,0.77389,0.99473,0.97203,0.99307,0.83636,0.59882,0.30525,0.76927,9.2179e-05,9.2179e-05,9.2179e-05
81,301.018,0.68675,0.33232,0.77415,0.98656,0.98266,0.99358,0.84617,0.57364,0.29724,0.76842,9.208e-05,9.208e-05,9.208e-05
82,304.872,0.7416,0.35473,0.77283,0.98755,0.98035,0.9925,0.80721,0.64979,0.32198,0.77058,9.1981e-05,9.1981e-05,9.1981e-05
83,308.723,0.70044,0.34005,0.77821,0.9886,0.9827,0.99343,0.83334,0.60177,0.30048,0.76728,9.1882e-05,9.1882e-05,9.1882e-05
84,312.47,0.72663,0.34569,0.76811,0.98553,0.98194,0.99305,0.81203,0.68149,0.32181,0.77205,9.1783e-05,9.1783e-05,9.1783e-05
85,316.165,0.71908,0.34494,0.77282,0.98349,0.98135,0.99295,0.83604,0.59288,0.29792,0.76791,9.1684e-05,9.1684e-05,9.1684e-05
86,319.961,0.68571,0.33398,0.7723,0.98485,0.98043,0.99269,0.80565,0.69279,0.32318,0.7702,9.1585e-05,9.1585e-05,9.1585e-05
87,323.695,0.6832,0.33991,0.77477,0.98861,0.98294,0.99256,0.83328,0.59774,0.29917,0.76592,9.1486e-05,9.1486e-05,9.1486e-05
88,327.389,0.68106,0.33383,0.77637,0.98912,0.97734,0.99254,0.81388,0.63829,0.30799,0.76722,9.1387e-05,9.1387e-05,9.1387e-05
89,331.069,0.72225,0.34842,0.76957,0.98618,0.98146,0.99221,0.82124,0.65913,0.31673,0.76823,9.1288e-05,9.1288e-05,9.1288e-05
90,334.7,0.71354,0.35039,0.76675,0.98858,0.98092,0.99192,0.81194,0.67928,0.32583,0.76993,9.1189e-05,9.1189e-05,9.1189e-05
91,338.401,0.71269,0.33919,0.77229,0.99067,0.98403,0.99286,0.83741,0.5825,0.29091,0.76595,9.109e-05,9.109e-05,9.109e-05
92,342.343,0.69898,0.33484,0.77093,0.98856,0.98558,0.9924,0.82395,0.62016,0.30096,0.76771,9.0991e-05,9.0991e-05,9.0991e-05
93,346.147,0.66423,0.33237,0.7691,0.98964,0.98353,0.9926,0.82145,0.6356,0.31293,0.76898,9.0892e-05,9.0892e-05,9.0892e-05
94,350.059,0.72111,0.35277,0.76487,0.991,0.98455,0.99298,0.82797,0.63459,0.30947,0.7667,9.0793e-05,9.0793e-05,9.0793e-05
95,353.888,0.7056,0.34153,0.77067,0.98931,0.98352,0.99295,0.82946,0.63451,0.30391,0.7681,9.0694e-05,9.0694e-05,9.0694e-05
96,357.842,0.67237,0.32455,0.77771,0.99167,0.98094,0.99088,0.80334,0.64223,0.3186,0.76802,9.0595e-05,9.0595e-05,9.0595e-05
97,361.788,0.7192,0.34617,0.76594,0.9927,0.98017,0.99231,0.82661,0.6061,0.29951,0.76521,9.0496e-05,9.0496e-05,9.0496e-05
98,365.589,0.70063,0.3374,0.773,0.98958,0.97799,0.99249,0.79624,0.75125,0.33372,0.77206,9.0397e-05,9.0397e-05,9.0397e-05
99,369.427,0.69934,0.33885,0.7727,0.99168,0.98196,0.99366,0.84794,0.56437,0.28971,0.76392,9.0298e-05,9.0298e-05,9.0298e-05
100,373.498,0.70549,0.33704,0.77293,0.98539,0.98146,0.99339,0.81622,0.65005,0.31224,0.76775,9.0199e-05,9.0199e-05,9.0199e-05
101,377.407,0.71944,0.33913,0.77759,0.98774,0.98043,0.99302,0.79847,0.6877,0.32114,0.76871,9.01e-05,9.01e-05,9.01e-05
102,381.337,0.72109,0.33616,0.76839,0.98966,0.98352,0.99402,0.84699,0.54442,0.28623,0.76206,9.0001e-05,9.0001e-05,9.0001e-05
103,385.27,0.6552,0.32518,0.77218,0.99169,0.9833,0.99422,0.8348,0.58813,0.29017,0.76444,8.9902e-05,8.9902e-05,8.9902e-05
104,389.155,0.67683,0.32856,0.76749,0.99331,0.9794,0.99413,0.85514,0.5451,0.27587,0.76399,8.9803e-05,8.9803e-05,8.9803e-05
105,393.179,0.64465,0.31571,0.77084,0.9937,0.98146,0.99424,0.855,0.55941,0.28345,0.76471,8.9704e-05,8.9704e-05,8.9704e-05
106,397.098,0.65123,0.31992,0.77276,0.98861,0.9829,0.99374,0.8412,0.60325,0.29626,0.76702,8.9605e-05,8.9605e-05,8.9605e-05
107,401.043,0.6626,0.31924,0.7719,0.98851,0.98249,0.99372,0.84978,0.57814,0.27741,0.76525,8.9506e-05,8.9506e-05,8.9506e-05
108,404.979,0.6638,0.32254,0.77262,0.98656,0.98305,0.99361,0.8428,0.58933,0.28672,0.76555,8.9407e-05,8.9407e-05,8.9407e-05
109,408.913,0.66991,0.32737,0.76823,0.98849,0.98249,0.99357,0.83703,0.60209,0.29448,0.76542,8.9308e-05,8.9308e-05,8.9308e-05
110,412.822,0.65375,0.31877,0.76321,0.98552,0.98122,0.99356,0.82741,0.63317,0.29703,0.76636,8.9209e-05,8.9209e-05,8.9209e-05
111,416.7,0.65777,0.31663,0.76663,0.98801,0.9794,0.9937,0.8447,0.58085,0.28805,0.76498,8.911e-05,8.911e-05,8.911e-05
112,420.612,0.69862,0.33196,0.77341,0.98653,0.9805,0.99358,0.85215,0.55709,0.28022,0.76407,8.9011e-05,8.9011e-05,8.9011e-05
113,424.426,0.64302,0.317,0.77045,0.99064,0.98141,0.99389,0.84745,0.59837,0.29045,0.7659,8.8912e-05,8.8912e-05,8.8912e-05
114,428.365,0.61078,0.30994,0.76954,0.99065,0.98249,0.994,0.82917,0.58952,0.2885,0.76293,8.8813e-05,8.8813e-05,8.8813e-05
115,432.272,0.67472,0.32556,0.76809,0.98864,0.98146,0.99338,0.83654,0.59418,0.29526,0.7654,8.8714e-05,8.8714e-05,8.8714e-05
116,436.264,0.6714,0.31587,0.77572,0.99007,0.97837,0.99305,0.83873,0.5844,0.29122,0.76582,8.8615e-05,8.8615e-05,8.8615e-05
117,440.237,0.65583,0.31821,0.76318,0.98656,0.98307,0.99294,0.83009,0.59978,0.29669,0.76502,8.8516e-05,8.8516e-05,8.8516e-05
118,444.212,0.64729,0.32377,0.76869,0.98795,0.98661,0.99388,0.83628,0.58227,0.2877,0.76521,8.8417e-05,8.8417e-05,8.8417e-05
119,448.148,0.64415,0.31722,0.77252,0.98965,0.98484,0.9939,0.84789,0.5645,0.28724,0.76548,8.8318e-05,8.8318e-05,8.8318e-05
120,452.107,0.65085,0.31741,0.76893,0.99025,0.98558,0.99359,0.83453,0.58467,0.29832,0.76755,8.8219e-05,8.8219e-05,8.8219e-05
121,456.022,0.67727,0.32713,0.76982,0.98959,0.9786,0.99286,0.84021,0.57863,0.30478,0.76887,8.812e-05,8.812e-05,8.812e-05
122,459.867,0.6431,0.30819,0.77386,0.99064,0.98058,0.99213,0.8339,0.58784,0.29811,0.76847,8.8021e-05,8.8021e-05,8.8021e-05
123,463.957,0.64966,0.319,0.77171,0.99272,0.9829,0.99316,0.85241,0.5502,0.28665,0.76461,8.7922e-05,8.7922e-05,8.7922e-05
124,467.907,0.64826,0.31457,0.76318,0.99271,0.98183,0.99318,0.84229,0.57671,0.29625,0.76559,8.7823e-05,8.7823e-05,8.7823e-05
125,471.814,0.64793,0.31458,0.77129,0.99266,0.98558,0.99393,0.84736,0.566,0.28335,0.76345,8.7724e-05,8.7724e-05,8.7724e-05
126,475.699,0.675,0.33364,0.7702,0.99374,0.98352,0.99333,0.84656,0.5793,0.29376,0.76587,8.7625e-05,8.7625e-05,8.7625e-05
127,479.606,0.65525,0.3132,0.76891,0.991,0.98352,0.99386,0.85066,0.53531,0.28276,0.76445,8.7526e-05,8.7526e-05,8.7526e-05
128,483.472,0.68519,0.3296,0.76774,0.99167,0.98122,0.99259,0.81462,0.65244,0.3105,0.77081,8.7427e-05,8.7427e-05,8.7427e-05
129,487.522,0.66005,0.319,0.76889,0.98965,0.98499,0.99366,0.84804,0.55412,0.27976,0.76604,8.7328e-05,8.7328e-05,8.7328e-05
130,491.503,0.63663,0.3195,0.77266,0.98827,0.98146,0.99361,0.82739,0.59701,0.29108,0.76701,8.7229e-05,8.7229e-05,8.7229e-05
131,495.41,0.666,0.32071,0.77349,0.9886,0.98246,0.99383,0.82753,0.5961,0.29969,0.76566,8.713e-05,8.713e-05,8.713e-05
132,499.213,0.67187,0.32433,0.77432,0.98759,0.9833,0.99412,0.83211,0.62046,0.29868,0.76725,8.7031e-05,8.7031e-05,8.7031e-05
133,503.231,0.66134,0.32888,0.7681,0.98602,0.98455,0.99414,0.83091,0.59298,0.29162,0.7658,8.6932e-05,8.6932e-05,8.6932e-05
134,507.167,0.63606,0.30717,0.77109,0.98865,0.98661,0.99411,0.85698,0.54958,0.28028,0.76265,8.6833e-05,8.6833e-05,8.6833e-05
135,511.149,0.62671,0.30947,0.76361,0.99004,0.98146,0.99408,0.85212,0.57001,0.28708,0.76656,8.6734e-05,8.6734e-05,8.6734e-05
136,515.068,0.65433,0.31376,0.76047,0.98759,0.9837,0.99423,0.86342,0.53439,0.27433,0.76403,8.6635e-05,8.6635e-05,8.6635e-05
137,519.099,0.66089,0.31321,0.77057,0.98658,0.98454,0.9942,0.85518,0.54083,0.27615,0.76423,8.6536e-05,8.6536e-05,8.6536e-05
138,523.021,0.66113,0.3177,0.77211,0.98761,0.98472,0.99422,0.83932,0.60154,0.28576,0.76715,8.6437e-05,8.6437e-05,8.6437e-05
139,526.798,0.64103,0.30841,0.76925,0.99477,0.98031,0.99439,0.84319,0.54423,0.27556,0.76285,8.6338e-05,8.6338e-05,8.6338e-05
140,530.781,0.61918,0.31652,0.77503,0.99066,0.98353,0.9943,0.82333,0.64679,0.29923,0.76682,8.6239e-05,8.6239e-05,8.6239e-05
141,534.66,0.66289,0.31885,0.7742,0.9893,0.98558,0.99427,0.84459,0.56262,0.27505,0.76327,8.614e-05,8.614e-05,8.614e-05
142,538.737,0.62771,0.31226,0.77617,0.98862,0.98403,0.99425,0.84849,0.56814,0.27711,0.765,8.6041e-05,8.6041e-05,8.6041e-05
143,542.722,0.67253,0.3197,0.76752,0.98264,0.99073,0.99432,0.83684,0.56663,0.28116,0.76568,8.5942e-05,8.5942e-05,8.5942e-05
144,546.732,0.64689,0.31176,0.7616,0.98863,0.98485,0.99422,0.84184,0.58558,0.28383,0.76497,8.5843e-05,8.5843e-05,8.5843e-05
145,550.803,0.6394,0.30887,0.77168,0.98978,0.98558,0.99429,0.85433,0.55109,0.28265,0.76298,8.5744e-05,8.5744e-05,8.5744e-05
146,554.693,0.64584,0.3162,0.76469,0.98954,0.98249,0.99404,0.84253,0.55484,0.28182,0.76178,8.5645e-05,8.5645e-05,8.5645e-05
147,558.647,0.64733,0.31237,0.77267,0.98913,0.9794,0.994,0.81371,0.64372,0.30585,0.76553,8.5546e-05,8.5546e-05,8.5546e-05
148,562.477,0.66771,0.32536,0.76433,0.9902,0.98352,0.99426,0.85665,0.54229,0.28391,0.76437,8.5447e-05,8.5447e-05,8.5447e-05
149,566.413,0.65712,0.30683,0.76994,0.98963,0.98288,0.99427,0.82915,0.62353,0.30356,0.76718,8.5348e-05,8.5348e-05,8.5348e-05
150,570.332,0.67412,0.31869,0.76889,0.98861,0.98368,0.99421,0.84268,0.60218,0.29767,0.76517,8.5249e-05,8.5249e-05,8.5249e-05
151,574.253,0.64184,0.31792,0.76626,0.99067,0.98389,0.99419,0.86527,0.5284,0.27585,0.76299,8.515e-05,8.515e-05,8.515e-05
152,578.346,0.60145,0.29653,0.77267,0.98963,0.98234,0.99425,0.85473,0.54586,0.27688,0.76417,8.5051e-05,8.5051e-05,8.5051e-05
153,582.287,0.61942,0.29702,0.77473,0.98922,0.98352,0.99343,0.86542,0.5132,0.26653,0.76169,8.4952e-05,8.4952e-05,8.4952e-05
154,586.183,0.65019,0.30684,0.76692,0.99028,0.98352,0.99394,0.85172,0.56035,0.28007,0.76519,8.4853e-05,8.4853e-05,8.4853e-05
155,589.983,0.61394,0.29757,0.76207,0.991,0.98352,0.99396,0.84796,0.53421,0.2718,0.7632,8.4754e-05,8.4754e-05,8.4754e-05
156,593.863,0.62332,0.30197,0.76701,0.99272,0.98241,0.99374,0.83451,0.59115,0.28658,0.76371,8.4655e-05,8.4655e-05,8.4655e-05
157,597.932,0.63372,0.29909,0.76423,0.99375,0.9818,0.9937,0.86256,0.53203,0.27255,0.76327,8.4556e-05,8.4556e-05,8.4556e-05
158,601.903,0.5952,0.29517,0.77016,0.99336,0.98352,0.99377,0.8623,0.53894,0.27434,0.76416,8.4457e-05,8.4457e-05,8.4457e-05
159,605.882,0.62516,0.30237,0.76627,0.99416,0.9794,0.99312,0.84366,0.58381,0.2861,0.76582,8.4358e-05,8.4358e-05,8.4358e-05
160,610.166,0.58963,0.28843,0.76898,0.99326,0.98352,0.99333,0.85822,0.53474,0.27277,0.76397,8.4259e-05,8.4259e-05,8.4259e-05
161,614.197,0.59524,0.29353,0.76685,0.9948,0.98453,0.99357,0.84033,0.57189,0.2773,0.76432,8.416e-05,8.416e-05,8.416e-05
162,618.294,0.59013,0.29944,0.76359,0.99435,0.98455,0.99393,0.83531,0.56723,0.27832,0.7634,8.4061e-05,8.4061e-05,8.4061e-05
163,622.329,0.63375,0.30665,0.76587,0.9917,0.98429,0.99296,0.8407,0.56786,0.28319,0.76562,8.3962e-05,8.3962e-05,8.3962e-05
164,626.379,0.58407,0.29021,0.76777,0.99111,0.98352,0.99359,0.859,0.53649,0.26877,0.76369,8.3863e-05,8.3863e-05,8.3863e-05
165,630.32,0.62914,0.30554,0.77251,0.99114,0.98146,0.99319,0.84638,0.56615,0.28092,0.76481,8.3764e-05,8.3764e-05,8.3764e-05
166,634.234,0.62025,0.30754,0.76816,0.99168,0.98195,0.99326,0.85646,0.52932,0.26711,0.76415,8.3665e-05,8.3665e-05,8.3665e-05
167,638.254,0.58812,0.29494,0.77405,0.99433,0.98249,0.99333,0.85954,0.5322,0.2666,0.76389,8.3566e-05,8.3566e-05,8.3566e-05
168,642.284,0.63948,0.30815,0.76536,0.99376,0.98438,0.99405,0.85397,0.51911,0.26721,0.76106,8.3467e-05,8.3467e-05,8.3467e-05
169,646.239,0.64738,0.315,0.76617,0.99065,0.98229,0.99172,0.80896,0.68523,0.30442,0.76915,8.3368e-05,8.3368e-05,8.3368e-05
170,650.342,0.66271,0.31421,0.76761,0.99336,0.98558,0.99385,0.85351,0.53626,0.27147,0.76284,8.3269e-05,8.3269e-05,8.3269e-05
171,654.203,0.75552,0.34478,0.76884,0.99203,0.98352,0.99372,0.84527,0.52889,0.26919,0.76047,8.317e-05,8.317e-05,8.317e-05
172,658.362,0.66977,0.32044,0.77606,0.99119,0.97734,0.99137,0.75063,0.78117,0.3306,0.76896,8.3071e-05,8.3071e-05,8.3071e-05
173,662.47,0.75655,0.33769,0.77057,0.99063,0.98009,0.992,0.7937,0.7085,0.31228,0.76728,8.2972e-05,8.2972e-05,8.2972e-05
174,666.461,0.67741,0.32402,0.76976,0.98864,0.98585,0.99405,0.85912,0.52487,0.26992,0.76145,8.2873e-05,8.2873e-05,8.2873e-05
175,670.384,0.67015,0.3106,0.77009,0.98963,0.983,0.99392,0.85551,0.53971,0.2732,0.76323,8.2774e-05,8.2774e-05,8.2774e-05
176,674.299,0.63454,0.2999,0.77358,0.98962,0.9818,0.99382,0.84131,0.58428,0.28174,0.76333,8.2675e-05,8.2675e-05,8.2675e-05
177,678.13,0.62775,0.29637,0.77056,0.98907,0.98146,0.99329,0.85193,0.51815,0.26979,0.76145,8.2576e-05,8.2576e-05,8.2576e-05
178,681.909,0.5851,0.29095,0.76721,0.99007,0.97837,0.99049,0.83946,0.58249,0.28961,0.76598,8.2477e-05,8.2477e-05,8.2477e-05
179,685.737,0.61088,0.29712,0.76876,0.98963,0.98266,0.99175,0.85208,0.53748,0.27283,0.76358,8.2378e-05,8.2378e-05,8.2378e-05
180,689.597,0.61427,0.30768,0.7726,0.99065,0.9822,0.99285,0.84479,0.53813,0.27546,0.76346,8.2279e-05,8.2279e-05,8.2279e-05
181,693.55,0.61856,0.29818,0.76832,0.99077,0.98249,0.9932,0.83594,0.58996,0.28745,0.76708,8.218e-05,8.218e-05,8.218e-05
182,697.557,0.62966,0.29791,0.76454,0.99221,0.98455,0.99352,0.84911,0.53077,0.27199,0.76359,8.2081e-05,8.2081e-05,8.2081e-05
183,701.579,0.57481,0.28525,0.76573,0.99077,0.98146,0.99164,0.84143,0.55397,0.28083,0.76412,8.1982e-05,8.1982e-05,8.1982e-05
184,705.625,0.59223,0.29091,0.76028,0.99251,0.98146,0.99314,0.87262,0.50354,0.26595,0.76207,8.1883e-05,8.1883e-05,8.1883e-05
185,709.783,0.5939,0.2933,0.76752,0.99271,0.98119,0.9934,0.86429,0.52783,0.26915,0.76421,8.1784e-05,8.1784e-05,8.1784e-05
186,713.878,0.58313,0.2835,0.77588,0.99271,0.98201,0.99288,0.86547,0.52389,0.26506,0.76313,8.1685e-05,8.1685e-05,8.1685e-05
187,717.718,0.57246,0.28232,0.76049,0.99429,0.98352,0.99431,0.85741,0.51983,0.26631,0.76189,8.1586e-05,8.1586e-05,8.1586e-05
188,721.604,0.59825,0.29209,0.76645,0.99282,0.98146,0.99413,0.86376,0.52379,0.27756,0.76271,8.1487e-05,8.1487e-05,8.1487e-05
189,725.491,0.61066,0.30387,0.76278,0.99477,0.98011,0.99431,0.8555,0.54236,0.28565,0.7625,8.1388e-05,8.1388e-05,8.1388e-05
190,729.417,0.61645,0.302,0.77082,0.99375,0.98206,0.99425,0.84712,0.54834,0.27486,0.76168,8.1289e-05,8.1289e-05,8.1289e-05
191,733.329,0.59286,0.2923,0.77097,0.993,0.98146,0.99364,0.82835,0.5878,0.28193,0.76423,8.119e-05,8.119e-05,8.119e-05
192,737.397,0.60578,0.29328,0.76949,0.99271,0.98135,0.99275,0.8402,0.56553,0.27712,0.76334,8.1091e-05,8.1091e-05,8.1091e-05
193,741.409,0.62577,0.3079,0.75851,0.99068,0.98146,0.9917,0.84632,0.57477,0.28592,0.76514,8.0992e-05,8.0992e-05,8.0992e-05
194,745.491,0.61539,0.30479,0.7628,0.99064,0.98102,0.99294,0.85388,0.54994,0.2729,0.76288,8.0893e-05,8.0893e-05,8.0893e-05
195,749.455,0.57837,0.29341,0.76848,0.99272,0.98286,0.99384,0.85021,0.54887,0.26502,0.76101,8.0794e-05,8.0794e-05,8.0794e-05
196,753.571,0.60976,0.30053,0.76401,0.98964,0.98412,0.99374,0.86054,0.55989,0.27284,0.76304,8.0695e-05,8.0695e-05,8.0695e-05
197,757.691,0.58732,0.28894,0.76442,0.98769,0.98352,0.9935,0.85678,0.53662,0.26944,0.76272,8.0596e-05,8.0596e-05,8.0596e-05
198,761.467,0.59188,0.29948,0.76451,0.9886,0.98207,0.99347,0.8428,0.56718,0.27362,0.76428,8.0497e-05,8.0497e-05,8.0497e-05
199,765.236,0.59935,0.29949,0.76691,0.98863,0.98455,0.99392,0.85921,0.52992,0.26986,0.76274,8.0398e-05,8.0398e-05,8.0398e-05
200,769.074,0.5845,0.28995,0.77049,0.99272,0.98273,0.99387,0.85382,0.52433,0.27024,0.76303,8.0299e-05,8.0299e-05,8.0299e-05
201,772.903,0.59641,0.29564,0.76198,0.98935,0.98455,0.99367,0.84964,0.53747,0.27994,0.76305,8.02e-05,8.02e-05,8.02e-05
202,776.774,0.60969,0.29784,0.77009,0.99272,0.98317,0.9941,0.85977,0.51601,0.26468,0.76222,8.0101e-05,8.0101e-05,8.0101e-05
203,780.553,0.59284,0.29121,0.76465,0.99335,0.98455,0.99389,0.85218,0.53783,0.26793,0.76219,8.0002e-05,8.0002e-05,8.0002e-05
204,784.485,0.61436,0.29096,0.76428,0.99068,0.98477,0.99286,0.85335,0.5315,0.26585,0.76195,7.9903e-05,7.9903e-05,7.9903e-05
205,788.327,0.58978,0.28604,0.76306,0.99041,0.98558,0.99261,0.84957,0.55651,0.2749,0.76277,7.9804e-05,7.9804e-05,7.9804e-05
206,792.328,0.58575,0.2898,0.77277,0.99115,0.98352,0.99254,0.85625,0.52506,0.26941,0.76094,7.9705e-05,7.9705e-05,7.9705e-05
207,796.163,0.58711,0.28578,0.76629,0.99134,0.98249,0.99355,0.85214,0.54756,0.27024,0.76121,7.9606e-05,7.9606e-05,7.9606e-05
208,800.121,0.60617,0.29157,0.77129,0.98946,0.98043,0.9933,0.86161,0.52718,0.26807,0.76065,7.9507e-05,7.9507e-05,7.9507e-05
209,803.973,0.57341,0.28947,0.76876,0.98757,0.98187,0.99355,0.85418,0.54511,0.27152,0.7609,7.9408e-05,7.9408e-05,7.9408e-05
210,807.858,0.59798,0.29953,0.76482,0.99257,0.98146,0.99366,0.8595,0.5345,0.26884,0.76057,7.9309e-05,7.9309e-05,7.9309e-05
211,811.758,0.61425,0.30092,0.76188,0.98858,0.98085,0.99159,0.8439,0.57688,0.2873,0.76424,7.921e-05,7.921e-05,7.921e-05
212,815.715,0.59819,0.29924,0.76815,0.98759,0.98338,0.99175,0.85959,0.54728,0.27514,0.76302,7.9111e-05,7.9111e-05,7.9111e-05
213,819.623,0.58049,0.29469,0.76515,0.98658,0.98447,0.99322,0.85154,0.548,0.27356,0.76325,7.9012e-05,7.9012e-05,7.9012e-05
214,823.44,0.61843,0.30154,0.75909,0.99029,0.98558,0.99418,0.85998,0.54347,0.27168,0.76333,7.8913e-05,7.8913e-05,7.8913e-05
215,827.269,0.59198,0.28847,0.76274,0.98844,0.98661,0.99429,0.86791,0.5261,0.26618,0.76208,7.8814e-05,7.8814e-05,7.8814e-05
216,831.131,0.61899,0.30476,0.77137,0.98964,0.98359,0.99252,0.84788,0.56559,0.27693,0.76405,7.8715e-05,7.8715e-05,7.8715e-05
217,835.078,0.6065,0.2969,0.76545,0.98861,0.98335,0.99323,0.86076,0.53815,0.27162,0.7627,7.8616e-05,7.8616e-05,7.8616e-05
218,838.907,0.58653,0.29138,0.76874,0.98834,0.98558,0.99391,0.85104,0.555,0.27849,0.76371,7.8517e-05,7.8517e-05,7.8517e-05
219,842.789,0.62532,0.30094,0.76583,0.9878,0.98352,0.99209,0.85539,0.54619,0.27413,0.76387,7.8418e-05,7.8418e-05,7.8418e-05
220,846.753,0.5855,0.29016,0.76595,0.98655,0.98216,0.99327,0.85755,0.53929,0.27265,0.76277,7.8319e-05,7.8319e-05,7.8319e-05
221,850.706,0.56139,0.2787,0.76646,0.99371,0.97591,0.99265,0.85219,0.5345,0.27245,0.76257,7.822e-05,7.822e-05,7.822e-05
222,854.535,0.59528,0.28833,0.75779,0.98472,0.97734,0.99051,0.84733,0.55947,0.28252,0.76499,7.8121e-05,7.8121e-05,7.8121e-05
223,858.383,0.60209,0.29364,0.76633,0.98477,0.97837,0.98986,0.84971,0.56349,0.28454,0.76476,7.8022e-05,7.8022e-05,7.8022e-05
224,862.275,0.58627,0.29641,0.76025,0.98709,0.98043,0.99045,0.83894,0.5826,0.2767,0.76347,7.7923e-05,7.7923e-05,7.7923e-05
225,866.286,0.59709,0.29651,0.76283,0.98757,0.98168,0.99095,0.85132,0.54026,0.26119,0.7619,7.7824e-05,7.7824e-05,7.7824e-05
226,870.226,0.54116,0.27854,0.77122,0.98552,0.98161,0.99131,0.84702,0.55797,0.2715,0.76293,7.7725e-05,7.7725e-05,7.7725e-05
227,874.074,0.58196,0.28624,0.77388,0.98782,0.98249,0.99072,0.85788,0.52924,0.26958,0.76215,7.7626e-05,7.7626e-05,7.7626e-05
228,878.078,0.61517,0.29755,0.77389,0.99065,0.98352,0.99257,0.86533,0.52542,0.26403,0.76282,7.7527e-05,7.7527e-05,7.7527e-05
229,882.058,0.61608,0.29134,0.76369,0.99272,0.98327,0.99395,0.87028,0.50489,0.25829,0.7612,7.7428e-05,7.7428e-05,7.7428e-05
230,886.044,0.59666,0.29083,0.76263,0.98962,0.98184,0.99397,0.8485,0.55089,0.27223,0.76359,7.7329e-05,7.7329e-05,7.7329e-05
231,889.836,0.60424,0.29562,0.76383,0.9917,0.98392,0.9937,0.85947,0.51423,0.26335,0.76156,7.723e-05,7.723e-05,7.723e-05
232,893.712,0.57254,0.28354,0.76714,0.99066,0.98335,0.99358,0.86547,0.51891,0.26287,0.76174,7.7131e-05,7.7131e-05,7.7131e-05
233,897.529,0.5841,0.29006,0.76347,0.99172,0.98628,0.99415,0.87645,0.49149,0.25871,0.75952,7.7032e-05,7.7032e-05,7.7032e-05
234,901.489,0.58256,0.29457,0.76503,0.9917,0.98478,0.99393,0.86502,0.5159,0.2653,0.76051,7.6933e-05,7.6933e-05,7.6933e-05
235,905.373,0.56142,0.28448,0.75784,0.99273,0.98416,0.99326,0.86537,0.52852,0.26566,0.76183,7.6834e-05,7.6834e-05,7.6834e-05
236,909.316,0.5842,0.28409,0.75968,0.99066,0.98333,0.99294,0.86866,0.51221,0.26479,0.76085,7.6735e-05,7.6735e-05,7.6735e-05
237,913.173,0.60928,0.29577,0.76407,0.98961,0.98044,0.99204,0.85469,0.51522,0.26101,0.76149,7.6636e-05,7.6636e-05,7.6636e-05
238,917.082,0.61587,0.29246,0.76314,0.99065,0.98244,0.99144,0.84744,0.56877,0.27365,0.76463,7.6537e-05,7.6537e-05,7.6537e-05
239,920.977,0.59201,0.28772,0.76067,0.9916,0.98146,0.99159,0.85969,0.53682,0.2702,0.76137,7.6438e-05,7.6438e-05,7.6438e-05
240,924.971,0.58077,0.29002,0.75955,0.99107,0.9794,0.99067,0.84924,0.54416,0.27408,0.76182,7.6339e-05,7.6339e-05,7.6339e-05
241,928.849,0.58,0.29235,0.76569,0.98774,0.98146,0.99252,0.85875,0.52263,0.26316,0.75978,7.624e-05,7.624e-05,7.624e-05
242,932.729,0.59317,0.29823,0.75524,0.98757,0.98226,0.99328,0.84496,0.596,0.28314,0.7637,7.6141e-05,7.6141e-05,7.6141e-05
243,936.633,0.60512,0.29924,0.76187,0.98759,0.98384,0.9939,0.85984,0.53627,0.26943,0.76141,7.6042e-05,7.6042e-05,7.6042e-05
244,940.522,0.5849,0.28599,0.76326,0.98557,0.98146,0.99348,0.85247,0.55469,0.27143,0.76296,7.5943e-05,7.5943e-05,7.5943e-05
245,944.506,0.57567,0.28811,0.76487,0.98682,0.98043,0.99345,0.86331,0.52124,0.26391,0.76115,7.5844e-05,7.5844e-05,7.5844e-05
246,948.503,0.59394,0.29173,0.76997,0.98671,0.9794,0.99345,0.86288,0.51283,0.26262,0.76122,7.5745e-05,7.5745e-05,7.5745e-05
247,952.496,0.6056,0.29497,0.76892,0.99062,0.97868,0.99223,0.84648,0.55143,0.27389,0.76299,7.5646e-05,7.5646e-05,7.5646e-05
248,956.42,0.5797,0.28637,0.76174,0.99287,0.97734,0.99351,0.86642,0.49424,0.26083,0.76065,7.5547e-05,7.5547e-05,7.5547e-05
249,960.248,0.56144,0.27843,0.76334,0.98963,0.98238,0.99374,0.8638,0.5257,0.27117,0.76221,7.5448e-05,7.5448e-05,7.5448e-05
250,964.145,0.58506,0.27878,0.76153,0.99269,0.97953,0.99393,0.87866,0.49267,0.25746,0.76058,7.5349e-05,7.5349e-05,7.5349e-05
251,968.104,0.55578,0.27464,0.76122,0.99114,0.98146,0.99394,0.86692,0.5264,0.27083,0.76401,7.525e-05,7.525e-05,7.525e-05
252,972.061,0.57342,0.28515,0.75804,0.99272,0.98249,0.99397,0.87526,0.4958,0.25754,0.76186,7.5151e-05,7.5151e-05,7.5151e-05
253,975.921,0.56205,0.27999,0.76211,0.99205,0.98249,0.99313,0.85254,0.55222,0.267,0.76398,7.5052e-05,7.5052e-05,7.5052e-05
254,979.732,0.59516,0.28836,0.76453,0.99063,0.98018,0.9924,0.84566,0.55358,0.2718,0.76381,7.4953e-05,7.4953e-05,7.4953e-05
255,983.65,0.61433,0.28898,0.76066,0.9923,0.98455,0.99412,0.87777,0.48201,0.25438,0.75988,7.4854e-05,7.4854e-05,7.4854e-05
256,987.507,0.57128,0.2833,0.77215,0.9886,0.98146,0.99301,0.85463,0.54537,0.26725,0.76406,7.4755e-05,7.4755e-05,7.4755e-05
257,991.47,0.55123,0.2757,0.7651,0.99069,0.98651,0.9941,0.87193,0.50394,0.25698,0.76226,7.4656e-05,7.4656e-05,7.4656e-05
258,995.292,0.53949,0.27507,0.7622,0.99271,0.98455,0.99386,0.86317,0.50249,0.25428,0.76162,7.4557e-05,7.4557e-05,7.4557e-05
259,999.083,0.55061,0.26974,0.76346,0.9902,0.98352,0.99373,0.85361,0.51985,0.26168,0.76232,7.4458e-05,7.4458e-05,7.4458e-05
260,1003.05,0.5495,0.26506,0.76158,0.99133,0.98455,0.99341,0.86926,0.48864,0.25133,0.76046,7.4359e-05,7.4359e-05,7.4359e-05
261,1006.98,0.5597,0.27419,0.76502,0.98966,0.98567,0.99325,0.86002,0.5347,0.26622,0.76315,7.426e-05,7.426e-05,7.426e-05
262,1010.78,0.5184,0.26635,0.76892,0.99147,0.98558,0.99317,0.86835,0.50249,0.25575,0.76133,7.4161e-05,7.4161e-05,7.4161e-05
263,1014.72,0.5428,0.27097,0.76718,0.99033,0.98249,0.99212,0.85333,0.5357,0.25811,0.76201,7.4062e-05,7.4062e-05,7.4062e-05
264,1018.65,0.56706,0.27513,0.76366,0.99169,0.98346,0.99306,0.85617,0.52424,0.26152,0.76077,7.3963e-05,7.3963e-05,7.3963e-05
265,1022.5,0.59605,0.28636,0.76159,0.99123,0.98249,0.99375,0.85114,0.52053,0.25798,0.76062,7.3864e-05,7.3864e-05,7.3864e-05
266,1026.4,0.553,0.27503,0.75962,0.99168,0.98175,0.99299,0.84069,0.57616,0.27274,0.76313,7.3765e-05,7.3765e-05,7.3765e-05
267,1030.29,0.57839,0.28168,0.76702,0.98939,0.98455,0.99411,0.8612,0.52251,0.26229,0.76181,7.3666e-05,7.3666e-05,7.3666e-05
268,1034.29,0.53604,0.27085,0.76043,0.99271,0.98184,0.99402,0.85739,0.54187,0.26366,0.76351,7.3567e-05,7.3567e-05,7.3567e-05
269,1038.28,0.55578,0.27546,0.76325,0.9915,0.98455,0.99436,0.86486,0.49473,0.2503,0.76059,7.3468e-05,7.3468e-05,7.3468e-05
270,1042.31,0.55051,0.27077,0.76678,0.99066,0.98357,0.99399,0.86734,0.50666,0.25138,0.76188,7.3369e-05,7.3369e-05,7.3369e-05
271,1046.16,0.56694,0.27492,0.75757,0.99272,0.98249,0.99319,0.86252,0.51778,0.25792,0.76157,7.327e-05,7.327e-05,7.327e-05
272,1050.11,0.56246,0.28052,0.76316,0.99025,0.98043,0.99242,0.85103,0.54855,0.26642,0.76156,7.3171e-05,7.3171e-05,7.3171e-05
273,1054.08,0.58677,0.27769,0.76586,0.98756,0.9807,0.99155,0.8534,0.56498,0.26979,0.76304,7.3072e-05,7.3072e-05,7.3072e-05
274,1058.05,0.57574,0.27935,0.76472,0.99374,0.9809,0.99271,0.87368,0.5028,0.25312,0.76064,7.2973e-05,7.2973e-05,7.2973e-05
275,1062.03,0.56129,0.27766,0.76165,0.99167,0.98044,0.99214,0.85164,0.55237,0.26695,0.76238,7.2874e-05,7.2874e-05,7.2874e-05
276,1066.02,0.54041,0.27129,0.76509,0.9917,0.98475,0.99265,0.87473,0.49348,0.25132,0.76012,7.2775e-05,7.2775e-05,7.2775e-05
277,1070.05,0.60731,0.28622,0.76509,0.98964,0.98391,0.99261,0.87045,0.48911,0.25043,0.76051,7.2676e-05,7.2676e-05,7.2676e-05
278,1074.16,0.59254,0.2839,0.76493,0.9896,0.98033,0.99199,0.83724,0.56371,0.27124,0.76384,7.2577e-05,7.2577e-05,7.2577e-05
279,1078.15,0.55959,0.27373,0.75879,0.98861,0.98355,0.99264,0.85969,0.51451,0.25748,0.7612,7.2478e-05,7.2478e-05,7.2478e-05
280,1082.34,0.55407,0.27537,0.77021,0.9886,0.98219,0.9923,0.86446,0.51793,0.25471,0.76034,7.2379e-05,7.2379e-05,7.2379e-05
281,1086.39,0.5686,0.27088,0.76196,0.98759,0.98362,0.99172,0.85198,0.54856,0.25846,0.76156,7.228e-05,7.228e-05,7.228e-05
282,1090.42,0.55317,0.26726,0.76804,0.98965,0.98502,0.99303,0.8734,0.48388,0.24163,0.75933,7.2181e-05,7.2181e-05,7.2181e-05
283,1094.43,0.57142,0.27373,0.76503,0.98963,0.98288,0.99184,0.86411,0.51344,0.24927,0.76014,7.2082e-05,7.2082e-05,7.2082e-05
284,1098.29,0.53235,0.26311,0.76541,0.98759,0.98352,0.99303,0.86977,0.48773,0.244,0.75954,7.1983e-05,7.1983e-05,7.1983e-05
285,1102.19,0.56646,0.27718,0.77173,0.9876,0.98404,0.992,0.86751,0.50923,0.25126,0.762,7.1884e-05,7.1884e-05,7.1884e-05
286,1106.08,0.54042,0.26666,0.76972,0.98863,0.98461,0.99198,0.87048,0.51222,0.25035,0.76194,7.1785e-05,7.1785e-05,7.1785e-05
287,1110.08,0.54892,0.27096,0.76932,0.98827,0.98558,0.99295,0.87938,0.48087,0.24388,0.75912,7.1686e-05,7.1686e-05,7.1686e-05
288,1114.39,0.57171,0.27773,0.76706,0.98759,0.98348,0.99249,0.86391,0.52002,0.2569,0.76118,7.1587e-05,7.1587e-05,7.1587e-05
289,1118.46,0.55218,0.27165,0.75942,0.99169,0.9836,0.99371,0.87634,0.49392,0.24844,0.75921,7.1488e-05,7.1488e-05,7.1488e-05
290,1122.68,0.65056,0.3013,0.76109,0.98915,0.98455,0.9933,0.87653,0.49099,0.24817,0.76064,7.1389e-05,7.1389e-05,7.1389e-05
291,1126.69,0.58782,0.28114,0.7666,0.9902,0.98249,0.99298,0.86946,0.50587,0.25106,0.7607,7.129e-05,7.129e-05,7.129e-05
292,1130.63,0.53995,0.26687,0.76374,0.99068,0.98567,0.99437,0.87862,0.48849,0.24509,0.75881,7.1191e-05,7.1191e-05,7.1191e-05
293,1134.57,0.52936,0.26574,0.76314,0.9917,0.98477,0.99406,0.87466,0.49832,0.24243,0.76032,7.1092e-05,7.1092e-05,7.1092e-05
294,1138.53,0.54606,0.26497,0.771,0.99068,0.98516,0.9943,0.86199,0.50055,0.2456,0.75939,7.0993e-05,7.0993e-05,7.0993e-05
295,1142.47,0.53776,0.26886,0.76557,0.99068,0.98517,0.99427,0.87409,0.49446,0.24579,0.75976,7.0894e-05,7.0894e-05,7.0894e-05
296,1146.4,0.56723,0.27453,0.76587,0.98964,0.98401,0.99395,0.8603,0.54094,0.26289,0.76234,7.0795e-05,7.0795e-05,7.0795e-05
297,1150.23,0.56781,0.27233,0.77117,0.98759,0.98355,0.99314,0.86813,0.50012,0.25672,0.76003,7.0696e-05,7.0696e-05,7.0696e-05
298,1154.16,0.59088,0.28,0.76887,0.98758,0.98282,0.99223,0.84835,0.53902,0.26879,0.76192,7.0597e-05,7.0597e-05,7.0597e-05
299,1157.99,0.57789,0.27838,0.77074,0.98961,0.98129,0.99337,0.85709,0.55743,0.26613,0.76224,7.0498e-05,7.0498e-05,7.0498e-05
300,1161.98,0.54762,0.2719,0.76811,0.9876,0.98433,0.99375,0.87648,0.50852,0.25294,0.76102,7.0399e-05,7.0399e-05,7.0399e-05
301,1165.88,0.55073,0.27132,0.76023,0.98861,0.98293,0.99307,0.85814,0.53432,0.2567,0.76259,7.03e-05,7.03e-05,7.03e-05
302,1169.8,0.56003,0.27717,0.768,0.99285,0.98043,0.99292,0.87241,0.5075,0.2514,0.76136,7.0201e-05,7.0201e-05,7.0201e-05
303,1173.61,0.56567,0.27516,0.76752,0.98966,0.98565,0.9941,0.87579,0.49416,0.24748,0.7612,7.0102e-05,7.0102e-05,7.0102e-05
304,1177.68,0.51195,0.27118,0.76769,0.98966,0.98567,0.99316,0.8662,0.49959,0.25316,0.76229,7.0003e-05,7.0003e-05,7.0003e-05
305,1181.55,0.52116,0.26617,0.7679,0.98862,0.98448,0.99321,0.87412,0.50135,0.2504,0.76242,6.9904e-05,6.9904e-05,6.9904e-05
306,1185.46,0.5519,0.26769,0.76888,0.98864,0.98589,0.99435,0.87448,0.51535,0.25432,0.76292,6.9805e-05,6.9805e-05,6.9805e-05
307,1189.49,0.51338,0.25911,0.76438,0.98859,0.98558,0.99426,0.8683,0.51702,0.253,0.76157,6.9706e-05,6.9706e-05,6.9706e-05
308,1193.45,0.55696,0.27023,0.76621,0.98863,0.98495,0.99394,0.86496,0.51986,0.25443,0.76126,6.9607e-05,6.9607e-05,6.9607e-05
309,1197.4,0.54695,0.27387,0.76414,0.98761,0.98512,0.99433,0.85574,0.52397,0.25432,0.76005,6.9508e-05,6.9508e-05,6.9508e-05
310,1201.31,0.57131,0.27638,0.76529,0.98863,0.98487,0.99406,0.86204,0.52015,0.25301,0.76002,6.9409e-05,6.9409e-05,6.9409e-05
311,1205.32,0.57071,0.2748,0.76362,0.98862,0.98384,0.99315,0.8611,0.52701,0.25606,0.76016,6.931e-05,6.931e-05,6.931e-05
312,1209.32,0.56522,0.27816,0.76333,0.98759,0.98321,0.99315,0.86204,0.50313,0.25318,0.75999,6.9211e-05,6.9211e-05,6.9211e-05
313,1213.2,0.56093,0.27362,0.75736,0.98758,0.98307,0.99314,0.85007,0.53277,0.25784,0.76133,6.9112e-05,6.9112e-05,6.9112e-05
314,1217.04,0.51467,0.26308,0.76504,0.98863,0.98469,0.9938,0.86634,0.50143,0.24892,0.75947,6.9013e-05,6.9013e-05,6.9013e-05
315,1220.91,0.5255,0.26341,0.76474,0.98861,0.98307,0.99385,0.85976,0.52813,0.2531,0.76172,6.8914e-05,6.8914e-05,6.8914e-05
316,1224.83,0.52199,0.25917,0.76459,0.99066,0.98305,0.99363,0.86331,0.51014,0.24963,0.76015,6.8815e-05,6.8815e-05,6.8815e-05
317,1228.75,0.51702,0.26118,0.76451,0.98963,0.98242,0.99271,0.85466,0.53699,0.26215,0.76286,6.8716e-05,6.8716e-05,6.8716e-05
318,1232.58,0.56864,0.26926,0.76395,0.98965,0.98455,0.99314,0.86015,0.52742,0.25903,0.76188,6.8617e-05,6.8617e-05,6.8617e-05
319,1236.53,0.54252,0.26715,0.76228,0.98965,0.98495,0.99306,0.86022,0.51518,0.25284,0.76022,6.8518e-05,6.8518e-05,6.8518e-05
320,1240.37,0.55079,0.27244,0.76739,0.98861,0.9834,0.99211,0.84813,0.54427,0.2629,0.76209,6.8419e-05,6.8419e-05,6.8419e-05
321,1244.26,0.55152,0.27513,0.76311,0.99169,0.98323,0.99304,0.87038,0.49914,0.24904,0.76031,6.832e-05,6.832e-05,6.832e-05
322,1248.15,0.54049,0.26942,0.756,0.99269,0.98249,0.99353,0.86518,0.5124,0.25247,0.76166,6.8221e-05,6.8221e-05,6.8221e-05
323,1251.97,0.55681,0.27186,0.76931,0.98821,0.98146,0.99401,0.85923,0.5334,0.26102,0.763,6.8122e-05,6.8122e-05,6.8122e-05
324,1255.9,0.53269,0.26364,0.7635,0.98963,0.98294,0.9937,0.87904,0.48422,0.24533,0.75979,6.8023e-05,6.8023e-05,6.8023e-05
325,1259.8,0.53635,0.26876,0.76075,0.9917,0.98399,0.99416,0.87518,0.5061,0.25496,0.76126,6.7924e-05,6.7924e-05,6.7924e-05
326,1263.7,0.51514,0.26077,0.75558,0.99427,0.98146,0.99419,0.87581,0.49688,0.24887,0.76029,6.7825e-05,6.7825e-05,6.7825e-05
327,1267.5,0.52782,0.26592,0.76105,0.99374,0.98133,0.99418,0.86154,0.52386,0.25703,0.762,6.7726e-05,6.7726e-05,6.7726e-05
328,1271.56,0.54147,0.27389,0.763,0.99194,0.98455,0.99404,0.87554,0.49581,0.25038,0.76111,6.7627e-05,6.7627e-05,6.7627e-05
329,1275.46,0.55311,0.27558,0.75968,0.99206,0.98455,0.9938,0.87378,0.50479,0.25373,0.76127,6.7528e-05,6.7528e-05,6.7528e-05
330,1279.33,0.55169,0.28066,0.75958,0.99478,0.98129,0.99422,0.86805,0.51283,0.25738,0.76076,6.7429e-05,6.7429e-05,6.7429e-05
331,1283.21,0.51362,0.26273,0.76665,0.99169,0.98373,0.99441,0.87286,0.49974,0.25669,0.76064,6.733e-05,6.733e-05,6.733e-05
332,1287.09,0.53151,0.26755,0.76048,0.98971,0.98352,0.9944,0.86898,0.5016,0.2558,0.76079,6.7231e-05,6.7231e-05,6.7231e-05
333,1290.87,0.52941,0.26202,0.76299,0.99193,0.98249,0.99406,0.86955,0.50511,0.25575,0.76093,6.7132e-05,6.7132e-05,6.7132e-05
334,1294.75,0.54056,0.2701,0.75658,0.99358,0.9794,0.99401,0.86451,0.52225,0.26023,0.76156,6.7033e-05,6.7033e-05,6.7033e-05
335,1298.59,0.537,0.26915,0.764,0.99581,0.97932,0.99432,0.87397,0.50888,0.25746,0.76147,6.6934e-05,6.6934e-05,6.6934e-05
336,1302.55,0.54903,0.26486,0.76672,0.99137,0.98249,0.99438,0.86749,0.51656,0.25621,0.7609,6.6835e-05,6.6835e-05,6.6835e-05
337,1306.42,0.54511,0.26994,0.75946,0.99273,0.98505,0.99439,0.86966,0.51238,0.25078,0.76135,6.6736e-05,6.6736e-05,6.6736e-05
338,1310.34,0.51196,0.25761,0.76592,0.99171,0.98506,0.99433,0.86716,0.51112,0.25003,0.76152,6.6637e-05,6.6637e-05,6.6637e-05
339,1314.22,0.5204,0.26113,0.76161,0.99066,0.98353,0.99431,0.86768,0.5127,0.25366,0.76212,6.6538e-05,6.6538e-05,6.6538e-05
340,1318.12,0.50371,0.25448,0.76729,0.99119,0.98249,0.99406,0.87165,0.51711,0.25863,0.76206,6.6439e-05,6.6439e-05,6.6439e-05
341,1321.98,0.50687,0.25528,0.76284,0.99078,0.98146,0.99398,0.86456,0.54196,0.26721,0.76357,6.634e-05,6.634e-05,6.634e-05
342,1325.85,0.54406,0.25975,0.76513,0.99074,0.98146,0.99402,0.86799,0.52,0.25618,0.76225,6.6241e-05,6.6241e-05,6.6241e-05
343,1329.71,0.55158,0.26748,0.76361,0.99125,0.98146,0.99319,0.86167,0.53935,0.26205,0.76272,6.6142e-05,6.6142e-05,6.6142e-05
344,1333.58,0.51792,0.25895,0.76605,0.99434,0.98146,0.99409,0.87182,0.50254,0.25169,0.76028,6.6043e-05,6.6043e-05,6.6043e-05
345,1337.49,0.53978,0.267,0.75934,0.99431,0.98146,0.99407,0.86825,0.50756,0.25472,0.76033,6.5944e-05,6.5944e-05,6.5944e-05
346,1341.32,0.52504,0.26008,0.75788,0.99168,0.98157,0.99326,0.86593,0.50697,0.25376,0.76101,6.5845e-05,6.5845e-05,6.5845e-05
347,1345.17,0.52933,0.26464,0.75766,0.99126,0.98558,0.99446,0.87489,0.48235,0.2411,0.75921,6.5746e-05,6.5746e-05,6.5746e-05
348,1349.15,0.52051,0.26274,0.76511,0.99169,0.98379,0.9941,0.87022,0.519,0.24601,0.76177,6.5647e-05,6.5647e-05,6.5647e-05
349,1353.21,0.52812,0.26712,0.76368,0.9917,0.98477,0.9941,0.87717,0.48332,0.23645,0.75915,6.5548e-05,6.5548e-05,6.5548e-05
350,1357.12,0.56631,0.27233,0.76846,0.99066,0.98357,0.99434,0.8771,0.49382,0.24212,0.75882,6.5449e-05,6.5449e-05,6.5449e-05
351,1360.76,0.52339,0.25697,0.77148,0.99272,0.98239,0.99313,0.8692,0.50594,0.24383,0.76094,6.535e-05,6.535e-05,6.535e-05
352,1364.41,0.53241,0.2638,0.76126,0.9926,0.98352,0.99322,0.87249,0.49345,0.24163,0.76098,6.5251e-05,6.5251e-05,6.5251e-05
353,1368.02,0.54154,0.26586,0.76557,0.99229,0.98249,0.99324,0.87442,0.49386,0.24443,0.76041,6.5152e-05,6.5152e-05,6.5152e-05
354,1371.62,0.52578,0.26492,0.76158,0.98975,0.98146,0.99243,0.86694,0.50555,0.24557,0.76095,6.5053e-05,6.5053e-05,6.5053e-05
355,1375.21,0.54213,0.26534,0.76188,0.99066,0.98301,0.99319,0.8732,0.48776,0.24277,0.76018,6.4954e-05,6.4954e-05,6.4954e-05
356,1378.84,0.51628,0.25467,0.76233,0.99209,0.98249,0.99321,0.87179,0.50954,0.24763,0.761,6.4855e-05,6.4855e-05,6.4855e-05
357,1382.47,0.53022,0.2571,0.76449,0.99375,0.98212,0.99405,0.87151,0.49936,0.24244,0.76008,6.4756e-05,6.4756e-05,6.4756e-05
358,1386.17,0.50099,0.26175,0.76269,0.99303,0.98146,0.99316,0.87151,0.49853,0.23881,0.76037,6.4657e-05,6.4657e-05,6.4657e-05
359,1389.75,0.49367,0.24311,0.77017,0.99067,0.98391,0.99401,0.87606,0.48947,0.23828,0.75986,6.4558e-05,6.4558e-05,6.4558e-05
360,1393.38,0.52209,0.25765,0.75814,0.98961,0.98103,0.99172,0.86782,0.51521,0.24992,0.76071,6.4459e-05,6.4459e-05,6.4459e-05
361,1396.98,0.51481,0.25353,0.75907,0.99167,0.9807,0.99252,0.86863,0.5126,0.24936,0.76062,6.436e-05,6.436e-05,6.436e-05
362,1400.84,0.52575,0.25826,0.75701,0.99271,0.9811,0.99322,0.86804,0.50313,0.24997,0.76089,6.4261e-05,6.4261e-05,6.4261e-05
363,1404.61,0.51656,0.25418,0.76917,0.99271,0.98197,0.99327,0.87583,0.49767,0.24747,0.7611,6.4162e-05,6.4162e-05,6.4162e-05
364,1408.41,0.50733,0.25401,0.76274,0.99186,0.98146,0.99324,0.86657,0.52748,0.25359,0.7613,6.4063e-05,6.4063e-05,6.4063e-05
365,1412.05,0.53117,0.25798,0.76545,0.99207,0.98249,0.99251,0.86925,0.50421,0.24921,0.76057,6.3964e-05,6.3964e-05,6.3964e-05
366,1415.73,0.53853,0.26695,0.75708,0.98893,0.98146,0.99222,0.87263,0.50308,0.24782,0.76118,6.3865e-05,6.3865e-05,6.3865e-05
367,1419.37,0.52561,0.2612,0.76291,0.98939,0.98352,0.99144,0.85703,0.54088,0.25596,0.76237,6.3766e-05,6.3766e-05,6.3766e-05
368,1423.2,0.49246,0.25353,0.76237,0.99065,0.98184,0.99151,0.87458,0.50701,0.25074,0.76152,6.3667e-05,6.3667e-05,6.3667e-05
369,1426.97,0.51781,0.26008,0.76305,0.99168,0.98223,0.99218,0.87413,0.49462,0.24735,0.76045,6.3568e-05,6.3568e-05,6.3568e-05
370,1430.7,0.52622,0.25474,0.75416,0.99167,0.98096,0.99251,0.86038,0.53959,0.26092,0.76218,6.3469e-05,6.3469e-05,6.3469e-05
371,1434.26,0.50563,0.24988,0.76178,0.99065,0.98154,0.99321,0.87568,0.50077,0.24598,0.76146,6.337e-05,6.337e-05,6.337e-05
372,1438.03,0.50469,0.24575,0.76501,0.99066,0.98318,0.99409,0.87573,0.4972,0.24436,0.76097,6.3271e-05,6.3271e-05,6.3271e-05
373,1441.79,0.5271,0.26123,0.76398,0.99169,0.98323,0.99413,0.86954,0.5106,0.24704,0.76096,6.3172e-05,6.3172e-05,6.3172e-05
374,1445.49,0.50793,0.25468,0.763,0.99273,0.98397,0.99408,0.87925,0.48758,0.2394,0.75937,6.3073e-05,6.3073e-05,6.3073e-05
375,1449.05,0.5071,0.25294,0.75884,0.99244,0.98146,0.99321,0.87447,0.50396,0.24531,0.76074,6.2974e-05,6.2974e-05,6.2974e-05
376,1452.67,0.52144,0.25892,0.76151,0.99271,0.98209,0.99327,0.87744,0.48297,0.24222,0.75909,6.2875e-05,6.2875e-05,6.2875e-05
377,1456.31,0.50882,0.25122,0.76152,0.99168,0.98191,0.99328,0.87529,0.49123,0.24354,0.7598,6.2776e-05,6.2776e-05,6.2776e-05
378,1460.05,0.53237,0.25674,0.76456,0.98962,0.98177,0.9925,0.8686,0.51947,0.25276,0.76157,6.2677e-05,6.2677e-05,6.2677e-05
379,1463.77,0.50052,0.25753,0.7638,0.99234,0.98352,0.99238,0.87405,0.48671,0.23816,0.75958,6.2578e-05,6.2578e-05,6.2578e-05
380,1467.59,0.52266,0.25875,0.76316,0.99018,0.98249,0.99227,0.87087,0.51252,0.24718,0.761,6.2479e-05,6.2479e-05,6.2479e-05
381,1471.31,0.5206,0.24715,0.76458,0.98964,0.98335,0.99217,0.8721,0.50197,0.24389,0.76071,6.238e-05,6.238e-05,6.238e-05
382,1474.82,0.51476,0.25752,0.76913,0.99066,0.98317,0.99206,0.87876,0.48675,0.23794,0.76021,6.2281e-05,6.2281e-05,6.2281e-05
383,1478.33,0.51556,0.24933,0.76362,0.99169,0.98267,0.99211,0.87324,0.51406,0.24917,0.7622,6.2182e-05,6.2182e-05,6.2182e-05
384,1482.08,0.51841,0.2441,0.77195,0.99305,0.98352,0.99206,0.87484,0.48954,0.23771,0.76018,6.2083e-05,6.2083e-05,6.2083e-05
385,1485.6,0.51142,0.25271,0.76047,0.99375,0.98208,0.99232,0.87072,0.50625,0.24146,0.76052,6.1984e-05,6.1984e-05,6.1984e-05
386,1489.18,0.51589,0.24616,0.75556,0.99374,0.98145,0.99239,0.87669,0.50379,0.24097,0.76074,6.1885e-05,6.1885e-05,6.1885e-05
387,1492.75,0.50635,0.25129,0.76066,0.99243,0.98249,0.99323,0.8701,0.51036,0.24632,0.76026,6.1786e-05,6.1786e-05,6.1786e-05
